Zone,Work Center
Zone 1,AGQ401
Zone 1,AGQ402
Zone 1,AGQ403
Zone 1,AGQ404
Zone 1,AGQ405
Zone 1,AGQ406
Zone 1,AGQ409
Zone 1,AGQ410
Zone 1,AGQ412
Zone 1,AGQ414
Zone 1,AGQ424
Zone 1,AGQ426
Zone 1,AGQ431
Zone 1,AGQ432
Zone 1,AGQ433
Zone 1,AGQ434
Zone 1,AGQ458
Zone 1,AGQ468
Zone 1,AGQ767
Paintshop ,AGQ701
Zone 2,AGQ707
Zone 2,AGQ708
Zone 2,AGQ738
Zone 2,AGQ739
Zone 2,AGQ740
Zone 2,AGQ742
Zone 2,AGQ748
Zone 2,AGQ749
Zone 2,AGQ750
Zone 2,AGQ764
Zone 2,AGQ766
Zone 2,AGQ768
Zone 2,AGQ770
Zone 2,AGQ772
Zone 2,AGQ774
Zone 2,AGQ776
Zone 2,AGQ778
Zone 2,AGQ780
Zone 3,AGQ752
Zone 3,AGQ762
Zone 3,AGQ702
Zone 3,AGQ704
Zone 3,AGQ706
Zone 3,AGQ711
Zone 3,AGQ713
Zone 3,AGQ714
Zone 3,AGQ716
Zone 3,AGQ717
Zone 3,AGQ727
Paintshop ,AGQ700
Paintshop ,AGQ408
Paintshop ,AGQ415
Paintshop ,AGQ435
Paintshop ,AGQ436
Paintshop ,AGQ790
Paintshop ,AGQ792
Paintshop ,AGQ794
Paintshop ,AGQ796
Paintshop ,AGQ798
Tailcone 5/6K,AGX200
Tailcone 5/6K,AGX201
Tailcone 5/6K,AGX202
Tailcone 5/6K,AGX203
Tailcone 5/6K,AGX204
Tailcone 5/6K,AGX205
Tailcone 5/6K,AGX206
Tailcone 5/6K,AGX207
Tailcone 5/6K,AGX208
Tailcone 7/8K,AGX220
Tailcone 7/8K,AGX221
Tailcone 7/8K,AGX222
Tailcone 7/8K,AGX223
Tailcone 7/8K,AGX224
Tailcone 7/8K,AGX225
Tailcone 7/8K,AGX226
Tailcone 7/8K,AGX227
Slats,AGS501
Slats,AGS502
Slats,AGS503
Slats,AGS504
Slats,AGS505
Slats,AGS506
Slats,AGS507
Slats,AGS508
Slats,AGS551
Slats,AGS552
Slats,AGS553
Slats,AGS554
Slats,AGS555
Slats,AGS556
Slats,AGS557
Slats,AGS558
Slats,AGS601
Slats,AGS602
Slats,AGS603
Slats,AGS604
Slats,AGS605
Slats,AGS606
Slats,AGS607
Slats,AGS608
Slats,AGS609
Slats,AGS651
Slats,AGS652
Slats,AGS653
Slats,AGS654
Slats,AGS655
Slats,AGS656
Slats,AGS657
Slats,AGS658
Slats,AGS659
Slats,AGS701
Slats,AGS702
Slats,AGS703
Slats,AGS704
Slats,AGS705
Slats,AGS706
Slats,AGS707
Slats,AGS708
Slats,AGS709
Slats,AGS710
Slats,AGS711
Slats,AGS751
Slats,AGS752
Slats,AGS753
Slats,AGS754
Slats,AGS755
Slats,AGS756
Slats,AGS757
Slats,AGS758
Slats,AGS759
Slats,AGS760
Slats,AGS761
Slats,AGS801
Slats,AGS802
Slats,AGS803
Slats,AGS804
Slats,AGS805
Slats,AGS806
Slats,AGS807
Slats,AGS808
Slats,AGS809
Slats,AGS810
Slats,AGS811
Slats,AGS812
Slats,AGS851
Slats,AGS852
Slats,AGS853
Slats,AGS854
Slats,AGS855
Slats,AGS856
Slats,AGS857
Slats,AGS858
Slats,AGS859
Slats,AGS860
Slats,AGS861
Slats,AGS862
,
,
,
,
,
,
,
,
,
,
,
,
,
,
,
,
,
,
,
,
,
,
,
,
,
,
,
,
,
,
,
,
,
,
,
,
,
,
,
,
,
,
,
,
,
,
,
,
,
,
,
,
,
,
,
,
,
,
,
,
,
,
,
,
,
,
,
,
,
,
,
,
,
,
,
,
,
,
,
,
,
,
,
,
,
,
,
,
,
,
,
,
,
,
,
,
,
,
,
,
,
,
,
,
,
,
,
,
,
,
,
,
,
,
,
,
,
,
,
,
,
,
,
,
,
,
,
,
,
,
,
,
,
,
,
,
,
,
,
,
,
,
,
,
,
,
,
,
,
,
,
,
,
,
,
,
,
,
,
,
,
,
,
,
,
,
,
,
,
,
,
,
,
,
,
,
,
,
,
,
,
,
,
,
,
,
,
,
,
,
,
,
,
,
,
,
,
,
,
,
,
,
,
,
,
,
,
,
,
,
,
,
,
,
,
,
,
,
,
,
,
,
,
,
,
,
,
,
,
,
,
,
,
,
,
,
,
,
,
,
,
,
,
,
,
,
,
,
,
,
,
,
,
,
,
,
,
,
,
,
,
,
,
,
,
,
,
,
,
,
,
,
,
,
,
,
,
,
,
,
,
,
,
,
,
,
,
,
,
,
,
,
,
,
,
,
,
,
,
,
,
,
,
,
,
,
,
,
,
,
