"word","n"
"assy",9
"clamp",9
"details",9
"reference",9
"production",7
"access",5
"attachements",5
"cargo",5
"clamps",5
"drawing",5
"electrical",5
"g05291600",5
"installation",5
"installed",5
"instl",5
"is:ms21919wde5",5
"ms21919wde3",5
"ms21919wde5",5
"q321003378",5
"screwing",5
"team",5
"time",5
"zones",5
"3000152390",4
"3356",4
"b0201081ck3",4
"b0202033c0332k",4
"b0204034al",4
"baps",4
"bulkhead",4
"change",4
"changed",4
"clearance",4
"common",4
"condition",4
"cpcs",4
"created",4
"exists",4
"flat",4
"g02193007",4
"g02193008",4
"g05365510",4
"location",4
"loop",4
"m85052",4
"minimum",4
"press",4
"pressure",4
"q320003395",4
"q320004614",4
"q320017825",4
"q321004298",4
"query",4
"raised",4
"rear",4
"refer",4
"required",4
"screw",4
"space",4
"standoff",4
"stiffener",4
"tube",4
"upright",4
"vertical",4
"washer",4
"actual",3
"q321003038",3
"continue",2
"decided",2
"install",2
"note",2
"process",2
"q321004925",1
